{"stat.flyOneCm":4588,"stat.walkOneCm":11677,"stat.jump":6,"stat.playOneMinute":3953,"achievement.openInventory":9,"stat.fallOneCm":494,"stat.leaveGame":1,"stat.damageTaken":126,"stat.killEntity.Slime":25,"stat.mineBlock.minecraft.crafting_table":1,"stat.damageDealt":10910,"stat.crouchOneCm":8,"stat.timeSinceDeath":3953,"stat.sprintOneCm":365,"stat.mobKills":25,"stat.useItem.minecraft.crafting_table":1,"stat.mineBlock.minecraft.dirt":68,"achievement.exploreAllBiomes":{"value":0,"progress":["Plains"]},"stat.craftingTableInteraction":2}