{"stat.flyOneCm":4968,"stat.walkOneCm":13190,"stat.useItem.minecraft.mutton":1,"stat.jump":11,"stat.killEntity.EntityHorse":1,"stat.playOneMinute":1560,"achievement.openInventory":2,"stat.killEntity.Sheep":1,"stat.leaveGame":1,"stat.killEntity.Slime":9,"stat.damageDealt":5160,"stat.timeSinceDeath":1560,"stat.killEntity.Cow":1,"stat.mobKills":12,"stat.sprintOneCm":4629,"stat.mineBlock.minecraft.dirt":7,"achievement.exploreAllBiomes":{"value":0,"progress":["Plains"]},"stat.useItem.minecraft.beef":1}